content,category
从古籍看土家族之“冉家蛮” 从古籍看土家族之“冉家蛮” 本帖资料来源：《百苗图抄本汇编》杨庭硕/潘盛之 编著 贵州人民出版社《八十二种苗图并说》 陈浩 著  清乾隆至嘉庆年间,culture
从古籍看土家族之“蛮人” 从古籍看土家族之“蛮人” 本帖资料来源：《百苗图抄本汇编》杨庭硕/潘盛之 编著 贵州人民出版社《八十二种苗图并说》 陈浩 著 清乾隆至嘉庆年间,culture
从古籍看土家族之《苗防备览》 本帖资料来源：《苗防备览第九卷》清朝后期，作者严如熤（1759—1826）清地理学家。湖南溆浦人。字炳文，一字苏亭，号乐园（一说字乐园）。曾就读岳麓书院。留心经世之学，精研天文，地理，兵法。清乾隆五十四年（1789）举优贡。 原版古籍书扫描图。,culture
从古籍看土家族之《楚南苗志》 本帖资料来源：《楚南苗志卷六<土志>》湖北巡抚采进本，清朝段汝霖撰。汝霖字时斋，号梅亭，汉阳人。由举人历官建宁府知府。是书乃汝霖为湖南永绥同知时所作。,culture
湖南世居少数民族之土家族篇 资料来源：湘西州民宗委网站http://mw.xxz.gov.cn/mzzs/201303/t20130327_69692.html 1、文化艺术： 　　神话、传说、故事、诗歌、音乐、舞蹈、雕塑、建筑、绣织等，构成土家族绚丽多彩、独具一格的文化艺术。土家语属汉藏语系藏缅语族。土家族民间文学主要有民间歌谣、传说、故事、诗歌等，其中，《摆手歌》、《梯玛歌》、《哭嫁歌》最具代表性。土家族地区素有“歌的海洋”的美称。土家山歌分情歌、哭嫁歌、摆手歌、诉苦歌、劳动歌、盘歌等多种，曲调优美动听，旋律朴素无华，感情真挚热烈。传统的《摆手舞》土家语称“社巴日”，古朴刚健，有鲜明的民族特色和浓厚的土家山乡气息，每年春节期间，大家聚在村寨中设的“摆手堂”前举行摆手舞会，多时达万人。土家族地区流行的剧种有茅古斯、傩愿戏、阳戏等。茅古斯是土家族古老而原始的戏剧，多在小摆手舞活动的间隙表演。乐器主要有唢呐、木叶、“咚咚喹”以及打击乐器“打溜子”。“咚咚喹”是土家族具有特色的乐器，声音柔和悦耳，曲调活泼欢快。土家族工艺美术主要有织锦、雕刻、绘画、剪纸，都具有浓郁的民族风格和较高的工艺水平。“西兰卡普”（土家语，即土花铺盖）是土家妇女借鉴鲜花、羽毛、晚霞和彩虹的自然色谱而精织的特有手工艺品，织工精巧，色彩绚丽。它和摆手舞一起被称作土家族人民的艺术之花。吊脚楼为土家人居住生活的场所，多依山就势而建。湖南永顺老司城、溪州铜柱是国家重点保护文物。土家族打溜子、土家族摆手舞、湘西土家族毛古斯舞、土家族织锦技艺等入选了第一批国家级非物质文化遗产名录。土家族梯玛神歌、土家族咚咚喹、土家族跳丧舞、土家族过赶年、土家社巴日、土家族打溜子、土家族摆手舞、土家族织锦技艺等入选湖南省第一批省级非物质文化遗产名录。,culture
土家族牛头宴 资料来源：湘西州民宗委网站http://mw.xxz.gov.cn/mzzs/201406/t20140606_123483.html 牛头宴又名土司宴，原本是送迎将士的出征和凯旋的犒赏，现在逐渐演变成了土家族接待贵宾的盛大礼仪宴会。相传，唐代末年，江西彭氏土司征服了五溪诸蛮以后，建都城于永顺县会溪坪。第十一代土司彭福石于公元1135年移都城于老司城。为了鼓舞士气，增强军民信心和斗志，在一次军队作战凯旋回城时，彭福石特命令城中军民杀黄牛犒劳将士。宴席上，土司王命人支起100口大锅，熬牛头以鼓舞士气，希望以后每次作战都能够牛气冲天，大败敌人。土家士兵吃了这“牛头宴”后，果然士气大增，以后每逢作战都能够奇迹般的获得胜利。,culture
土家族传统文化视频介绍解说集 资料来源：湘西州民宗委网站http://mw.xxz.gov.cn/mzzs/ 梯玛歌上https://v.qq.com/x/page/l056007jdg5.html梯玛歌下https://v.qq.com/x/page/x0559j8qqw0.html,networking
从古籍中看土家族之《皇清职贡图》 土家族之《皇清职贡图》清乾隆十六年至二十八年，傅恒、董诰等纂，门庆安等绘。,culture
土家语的特点 本帖资料来源：《湘西地区少数民族语言态度研究》瞿继勇 著陕西师范大学 博士学位论文,culture
土家语山歌《bifzivsarnif keirboxzaor》 作词：田秀珍演唱：田秀珍,language
土家族民俗之生育,culture
土家族民俗之丧葬,culture
土家族民俗之谜语,culture
土家族民俗之过年  如果视频无声请前往以下网站试听https://v.youku.com/v_show/id_XMzk1NjMxMzY2OA==.html?spm=a2hzp.8244740.0.0,culture
土家族民俗之摆手歌,culture
土家族民俗之哭嫁歌,culture
土家族民俗之咚咚喹,culture
土家族民俗之向老官人,culture
土家人与大巴国之关联。 一楼喂熊。 开始,culture
巴蛮“冉向田”其古书记载  《周书．蛮传》载：“有冉氏、向氏、田氏者聚落尤甚，余则大者万家，小者千户，更相崇树，称王侯，屯居三峡，断遏水路，荆蜀行人至有假道者。”,culture
土家族土司目录（最全不可错过） 找找你的姓。求置顶。 二。鄂西土司鄂西土司,language
南部土家语配音动画片《狼来了》  感谢来自泸溪的向中期先生录制的南部土家语音频为南部土家语学习提供了宝贵的音频资料,language
"土家族（土家语：Bifzivkar）是一个历史悠久的民族，有 土家族（土家语：Bifzivkar）是一个历史悠久的民族，有民族语言，属汉藏语系藏缅语族，接近彝语支，没有本民族文字，通用汉文。 土家族主要分布在湘、鄂、渝、黔交界地带的武陵山区。湖南省的土家族主要分布在湘西土家族苗族自治州的永顺、龙山、保靖、古丈等县，张家界市的慈利、桑植等县，常德市的石门等县；湖北省主要分布在恩施土家族苗族自治州的来凤、鹤峰、咸丰、宣恩、建始、巴东、恩施、利川等县市，宜昌市的长阳、五峰两县；重庆市主要分布在渝东南的黔江、酉阳、石柱、秀山、彭水等区县；贵州省主要分布在黔东北的沿河、印江、思南、江口、德江等县。 1956年10月，国家民委通过民族识别，确定土家族为单一民族。根据2010年第六次全国人口普查统计，土家族人口数为8353912人。    中国土家族的坐标 一、土家语分布地区（Tujia-speaking Areas）中国土家族的坐标￼￼Tujia Regions￼土家族区位位于湘鄂渝黔四省市交界之处土家语属汉藏语系藏缅语族。￼土家语北部方言（Northern Tujia Language）分布块中以土家族地区北部的龙山县西南部、保靖县、古丈县北部和永顺的南部和东南部这4县交界地带这一块最大尤为集中，使用人口最多，语言保存得较好，相对受汉语的影响也较轻一些。Ø 湖南省龙山县：隆头镇、岩冲乡、长潭乡、里耶镇、洗车河镇、苗儿滩镇、靛房镇、洛塔乡、干溪乡、猛西乡、凤溪镇、坡脚乡、他砂乡、内溪乡、贾市乡、Ø 湖南省永顺县：隆头乡、比耳乡、马王乡、拔茅镇、昂洞乡、龙溪乡、簸箕乡、对山乡、和平乡、西歧乡、首车镇、勺哈乡、打洞溪（胡玛语）Ø 湖南省保靖县：普戎镇、仙仁乡、涂乍乡Ø 湖南省古丈县：茄通乡、断龙乡Ø 湖北省来凤县：河西乡（残存）、河东乡（残存）Ø 湖北省鹤峰县（已消失于20世纪80年代后）朱家山村马头山。70年代以前，在马头山寨还有只会使用土家语而不懂汉语的老年土家族妇女。1981年调查时当时有41人能说，其中仅五六人能自由流利地对话，2003年再次去调查时原来能流利对话的几人均已作古，余者仅能说个别简单句子，或者零星词语，说不成完整复杂的句子了。Ø 湖南省慈利县（已消失于20世纪80年代末）：溪口镇、柳林铺乡等地。1987年8月中南民族学院土家语考察组调查时，例如溪口镇彭小莲会用土家语唱情歌、唱哭嫁歌；岩泊渡向顺安会唱土家语歌：“阿可必必戊卡可，戊必笼子杰咱坡；尼戊拿卡勒掐那恶，搓业闲思管他夺。(Arkov bifbix wuf kav lor, wufbix longrcir jef zavbor; Nif wuf lax kav ler kar laf wov, covnier sardier zanx tavdor.)”意为：“小哥去放牛，牛笼头手里拿好；你放牛时背把柴，家务事情不要管。”Ø 重庆市酉阳土家族苗族自治县：后溪镇（残存）、酉酬镇（残存）、可大乡（残存）Ø 重庆市秀山土家族苗族自治县：石堤镇（残存）￼土家语南部方言（Southern Tujia language）孟兹语，1000~1500人，在只分布在湘西州泸溪县潭溪镇下属几个村寨：Ø 下都村（584人）Ø 大波流村（858人），其中保留最完整、普及率最高的是村下的铺助祖（600多人），男女老少都会讲。Ø 且己村（692人），其中狗老壳组有400人会讲南部土家语。Ø 虎食溪村（274人）二、土家语使用人口(Tujia-speaking Population)究竟中国还有多少人能够使用土家语，目前还没有十分准确的专项统计数据。过去，有关调查研究员根据不同的主观方法，对土家语的使用人口做过一些初步的统计估算。但是由于各种因素的影响和缺乏统一的判定标准，他们各自得出的统计结果不尽一致。20世纪80年代以后，关于土家族的使用人口就先后有30万，20万，8万，4万等几种不同的说法。总的看来，土家语的使用人口是呈现急剧下降的趋势，大多数土家族聚居地的语言已经逐渐被汉语所替代，除了一些土家族老人还会用流利的土家语交流思想感情外，其他大多数年轻人只知道一点土家语的皮毛，语言是一个民族最直观的象征，如果土家族年轻人不加以传承，那么土家族就会名存实亡，最终从人类历史上消失殆尽。",culture
一个不合格的土家女孩 从小到大，我好像都从来没有了解过土家文化，现在到成都读书发现我们班几十个人而土家族就我一个，顿时有种说不出的感觉，我才从新给自己定义，然后我上百度搜贴吧看，发现了很多，也给自己涨了见识，土家文化真的是博大精深，而我却是个不合格的土家女孩，什么都不懂，深感惭愧…… 其实我以前也差不多，但是后来就到处看资料，现在感觉也了解了不少我们土家族的文化，历史。,NA
土家族族体形成问题研究综述 百度 不错,culture
土家傩堂戏掌坛师罗会秀 在武陵山脉主峰梵净山西麓，有一位土家族农家妇女，一边辛勤劳作养家糊口，一边担当傩堂戏传人重担，执着地传承和弘扬傩堂戏，她就是贵州省铜仁地区印江土家族苗族自治县木黄镇荣光村第二十八代傩堂戏掌坛师罗会秀。她也是贵州省铜仁地区唯一的傩堂戏女性掌坛师。 土家傩堂戏掌坛师罗会秀,culture
人在浙江广东漂泊30年，累啊。 发个帖，没事情啊，下图我租房子的地方，还有我的苗族同事，现在再回家的路上，请假回遵义织金县了，来逛逛贴吧。话说杨正撸这个水军如何了，你们终于攻下土家族吧了，还当上小吧主了，666。 我同事苗族的是遵义织金县的,admin
想知道土家族远祖父系Y是什么吗？请加我们的QQ群。 土家族具体源流是什么呢？得看远祖父系。我们土家族的父系Y群是：52600447。欢迎广大土家族儿女进我们的群。 wa wa wa wa wa wa wa wa wa wa wa wa wa wa wa wa wa wa wa wa wa wa wa wa wa.,networking
德江县土家语残存地名考证 德江县土家语残存地名考证 德江的土家族以前使用土家语，至今仍然留下大量土家语地名。但由于“改土归流”，封建统治者实行对少数民族强行同化，硬性革俗，大兴汉学，禁止使用土家语，规定不懂汉语不得为官。加之大量汉人迁入，乌江两岸商贸逐渐发达，虽对该地经济发展有利，但使得土家语言急剧消失，被汉语所取代。,culture
阿朵土家语Rap+汉语新歌《打粑粑》Feat.马RS 阿朵土家语Rap+汉语新歌《打粑粑》Feat.马RS https://m.weibo.cn/1197929090/4320706873100132,language
思南县土家语地名如数家珍 思南县土家语地名如数家珍 思南县为土家、仡佬、苗等民族杂居之地，以前各民族都操用民族语言。改土归流之后，封建王朝的统治者实行对少数民族强行同化的政策，大兴汉学，禁用少数民族语言，加之乌江沿岸商贸逐渐发展，大量汉人迁入此地，使得思南县的土家语仡佬语苗语等少数民族语言急剧消失为汉语所取代，但今天思南县仍保留下来一些土家语地名。,language
各地土家美食一样吗？ 各地土家美食是一样吗？我是湖北长阳土家族自治县的！ 好吃,culture
谁知道火铺具体尺寸，还有风簸。 谁知道火铺具体尺寸，还有风簸。,job
土家族民间故事《人熊嘎婆/熊娘嘎婆》上,culture
"转贴:土家织锦之龙凤呈祥_乖幺妹土家织锦吧_百度贴吧 传说中的龙在土家人心中既威猛又高贵,而凤则代表着美丽与吉祥.对美满的婚姻人们称之为""龙凤配"",对爱情的祝福常以""龙凤呈祥""的美誉.《龙凤呈祥》土家织锦就富含着这种寓意,色彩典雅,古韵悠然,透出一派富丽,吉祥,喜庆的民族风格.整幅作品中可以看出龙腾凤飞,祥云在天,凤穿牡丹,花枝招展,鸳鸯相对,情意绵绵的场景.土家织锦之龙凤呈祥_乖幺妹土家织锦吧_百度贴吧来自：tieba.baidu.com/p/3818705730 好，太漂亮了！",culture
土家族掉渣饼 群里有知道土家族掉渣饼的吗？ 我知道啊！,culture
请教：土家族嫁女儿有多少陪嫁 土家族嫁女儿有多少陪嫁 你们土家族嫁女儿，是不是要陪嫁50万？,culture
论服侍一事 湖北孤狼甚叼其一，旅游区开发商搞出来的事，别把这顶帽子往土家族上扣 其二，很多外地人来土家族苗族自治地区旅游，看见街上有人穿民族服装，就误认为是土家服，有的甚至起床在网上，又把这顶帽子往整个土家族上扣 楼主的意思是，做宣传的时候，那些开发商不懂民族文化，对外宣传的时候弄错了服装？还有就是游客分不清楚，弄错了？并不是土家族人故意剽窃苗族的东西。,culture
关于苗族吧部分深水客对土家族的诋毁的说明 毕兹卡（土家族）是国家民委于1956年就已经完成民族鉴别的少数民族。我们的身份无需置疑。为什么苗族吧，有一些深水客精神分裂一般，一会儿说土家族是人造民族，一会儿说土家族是熟苗呢？这里简单介绍苗族吧深水客的背后推手来自“三苗网论坛“。这个论坛的一些苗族来自海外，这伙人一直有着很强烈的政治目的。这个海外，包含了越南苗族，柬埔寨苗族，柬埔寨逃美苗族这些政治势力。所以这些人的话，你们听见后，当作一阵风就过去了。他们的目的就是要混淆视听。当然有几个贵州凯里的苗族几乎也被他们洗脑了。这人忽视即可。你要相信他们也没有问题。本吧就出现过叛徒，有个叫做”傲雪梅花1994“、”吉拉米小妖“的以前本来是土家族，但是人蠢没有办法，相信那伙人谎言，跑到苗族吧重新认祖宗去了。可能你会问，苗族吧的深水客都拿出书来证明自己的观点了。这个更加简单了。书，谁都可以出。苗族背后有个苗学会专门干这个，自己花钱印书，出版有利于自己言论的书籍。下次他们再拿书来糊弄你，你叫他把出版社拍给你看就可以了。保准笑掉你的牙齿。因为好多小出版社，给钱就印。不要因为是书籍，就认为是权威。全国研究少数民族的权威在中央民族大学。最后一句话：走那条路，选择权在你。但是，毕兹卡是有骨气的，对于叛徒，我们记在心里。 你怎么知道这么多呢？,admin
土家语简介 土家语简介,language
土家族民间故事之《人熊嘎婆/熊娘嘎婆》中,culture
【土家族】文献对土家语的记载 土家族语言历史悠久，许多史籍如方志、家谱中皆有记录。《隋书·地理志》记载：“荆州多杂蛮左，其避居山谷者，则语言不通，嗜好居住全异，颇与巴渝同俗”。南宋时候的王象之在《舆地纪胜》中记录：“施之地……乡者蛮夷，巴汉语相混”。这里的“山谷”当包括鄂西渝东的石柱，所谓“蛮左”、“蛮夷”，应当指巴人的后裔土家族，巴汉语相混，可见土家语与古代巴人语有一定的渊源关系。二者有许多共同之处，应属同一语系。例如：二者对鱼和虎的称呼比较一致，巴语称“虎”为“李父”，土家语称“公老虎”为“李爸”，“母老虎”为“李你卡”。“李爸”即“李父”、“李你卡”即“李耳”、“爸”与“父”，“你”与“耳”在声音上是相通的。巴语称“鱼”为“娵隅”，所谓“蛮名鱼为‘隅’是也。土家语中‘鱼’读为song，同于‘颂’的声音，和‘隅’的声音相通。”　　纵观我国的历史典籍，就其土家语的存在、演变与汉语的对照，有比较典型的记录。清朝，王锡撰祺在《小方壶斋舆地丛钞》中记录：“土人言语，呢喃难辨，近开群渐久，能道官音者十有五六。其方语称天曰墨、地曰理、土亦曰理、人曰那、日曰硗、月曰舒舒，云曰麦浪翁、大山曰卡斜、小山曰卡斜鼻、水曰辙、河曰受、路曰喇、池曰熊节、田曰细列格、火曰米烧、热曰古、冷曰撤、树曰卡木、柴曰卡物、竹曰猛、花曰卡帕、官曰夸、民曰马那、祖曰帕布、祖母曰帕八、父曰阿把、母曰阿捏、伯曰阿取、伯娘曰捏取、叔曰阿卑、婶娘曰阿蚁、兄曰阿科、弟曰阿米、姊曰阿大……”由此可见，土家语存在的实际及其特点。　　在民歌衬词中，保留了不少土家语，如《龙船调》中的“抱着恩纳果”即是“看那边”之意；《十杯酒》里的衬词“雷兑、大雷兑、雷大兑”即是“没说对呀没说对”之意；《点兵歌》中衬句“摇祥车”即“太阳落下去了”之意。如此等等，不一而足。 《思南府志》载：“居郡东南者，若印江、若朗溪号曰南客，有客语，多艰觖，不可晓。郡西北若水德蛮夷，若婺川、若沿河，号曰土人，有土蛮。”明弘治《贵州图经－思南府》曰：“沿河，婺川者，曰土人，有土语，彼此不谙，唯在官应役者为汉语耳。”,language
土家族民俗之婚姻,language
社巴日与摆手舞和社巴歌与摆手歌的关系 一、社巴日    （一）、社巴、舍巴、舍把在土家语中的含义1、社巴    ⑴、社巴：土家语中表示人称代词，和土家语中的另一个人称代词“玛”一样，相当于汉语的“者”或“的人”。 例1、  si55pa55 la21 se51pa55、si55pa55 ta35  se51pa55、si55pa55 xi35 se51pa55。 汉译：衣服  缝  的人 、衣服  穿 的人 、衣服  脱  的人 意译：缝衣服者         穿衣服者        脱衣服者 例2、ka35 se51 pa55、lo21 se51 pa55、mi55lo35 se51 pa55。 汉译：吃  的 人   骂  的  人   烧 火 的  人 意译：吃者        骂者         烧火者 这里的“se51 pa55”用汉语记音，可记成“社巴”。完全是记土家语音而已，无“社巴”这两个汉字的意义。     ⑵、社巴公公、社巴婆婆也是用“社巴”记土家语音而已。 如  ：se51 pa55 pha21 phu55 ku21 pie21 to21。 汉  语：社  巴   公  公  上   先  要 汉意译：社  巴   公   公  要  先  上。 这样记音在湖南少数民族古籍办主编的《摆手歌》中“社巴”一词出现了35次。《土家族摆手活动史料辑》中“社巴”一词，用得多。“舍巴”一词出现较少。“舍把”一词除史料记载外几乎未用。     ⑶、社巴日     彭勇行（1835-1892）的竹枝词《社场》：田家洞畔社场开，姊妹双双赴会来，最爱云鞋花满口，也装莲步上歌台。（有的认为是向晓甫之作）。     “田家洞这里的田姓人凡逢立春后第五个戊日为社日，俗称五戊逢社，要敬社菩萨，举行盛大的社巴调年活动，群众又称‘社巴巴’。田家洞田家人的出社活动已成为特有的一种风俗习惯，它是一种喜庆活动，也带有娱乐的性质，每年二月社节的那天，出社活动就开始了。”     清同治十年《保靖县志》载“正月初间，男女齐集歌舞，祓除不祥，名曰摆手。又谓之调年，立秋日并春秋之社日，亦如之。” 嘉庆版《龙山县志·节日》中记有“春社作米粢，祭社神，曰社粢。戊日禁止犁锄。”                             ——《土家族摆手活动史料辑》     这里“社巴日”，社就带有社戏，社日、社场（即戏场）等意义了。“巴”是“巴望”看的意义。“日”不是一日二日的数量词或节日的“日”，而是“做”的意思了。（请看“社巴日”专论，这里不做叙述了。） 总而言之：社巴日是包括摆手舞在内的土家族民俗活动的节会名称。摆手舞只是这一节会中的一个节目。《摆手歌》就是《社巴歌》。,culture
话说，很早前就很想问了，谁听过梯玛神歌？ RT传说中的梯玛神歌百度上的词条含糊其辞优酷上的视频略微坑爹各位同胞们谁有真正的？发上来看看吧~~~~~~~~~ 好像湘西有,language
湖南龙山虎踩凤三滴木床  木雕洗脸盆架“虎踩凤”体现“巴楚之争”　　“在这几十年来，这种做工精美的木雕洗脸盆架我只看过这一个。”刘卫国说。刘卫国特地指着脸盆架的底部说，“这个洗脸盆架最具特色、最能够体现土家族文化的地方，就是这5根雕有虎图案的‘虎腿’。”据刘卫国介绍，渝鄂湘黔武陵山区土家族是巴国巴人的后裔，虎是巴人的图腾，巴人的这一图腾崇拜被土家族人长期继承和保留下来，并形成土家族的民族标志。　　然而最有意思的是，在这虎腿之下，有一圈凤凰的图腾。“这就是表现出了巴楚之争，”刘卫国说，“凤凰是楚文化的象征，这个虎踩凤的设计表现了当时两种文化的冲突。”　　“这个东西是我在一个土家族家庭的柴火房找到的，”刘卫国说，“记得是上世纪九十年代，我们在湖南吉首市龙山县附近收集这些民间艺术品。当时我们就听当地人介绍，来到某个比较偏远的山村，然后挨家挨户去看，寻找我们需要的艺术品。”,culture
"容美土司史 01容美土司概述
02容米部落概述
03容米部落的形成与迁徙
04容米部落的扩张与土司制度的建立
05容美土司的兴起
06永乐定制下的容美土司
07白俚俾之乱
08容美土司的兴盛
09容美土司的衰落
10容美土司的改土归流 中山候汤和师克归州李逢春烽火山寨，分遣南雄候赵庸、宜宁候曹良臣帅兵取桑植、容美洞。及会江夏候周德兴合攻茅冈覃垕寨。庸至中途而返，独良臣会攻诸山寨，平之，和仍驻师归州。
《明史》卷一三三曹良臣传云：
（洪武四年）从伐蜀，克归州山寨，取容美诸土司。会周德兴拔茅冈覃垕寨。
看来，朱明王朝是把容美洞作为覃垕“造反”一十八洞的一部分对待的。其实不然，容美距茅岗数百里，明军入川不会“苛索”到容美。且天气大旱，对容美这个以狩猎等自然采集经济为主要生活来源的地区来讲，亦无大碍，覃垕不会联合容美，容美也不必要跟着他与朱明王朝对抗。《太祖实录》中记载“取容美”，说是“取道容美”可以理解，说是作为覃垕的同党而先“夺取容美”，则完全是受诛连了。《太祖实录》卷七十，洪武四年（公元1371年）十二月丙申条载：
“……四川容美洞宣抚使田光宝子答谷什用（即田胜贵）等来朝，贡方物，纳元所授金虎符。诏赐衣服有差”。
看来，朱明王朝还没有把容美作为覃垕的同党对待。当然，容美土司对朱明王朝亦有不满之处。吴元年正月，改容美洞等处军民宣抚司为黄沙、靖安、麻寮军民宣抚司，并立太平、台宜、麻寮等十寨长官司，比容美原管辖的疆域将近扩大一倍。紧接着于同年三月，湖广行省参政杨璟“取澧州石门县”逼近容美（见《太祖实录》卷二十二吴元年三月条），于洪武二年（公元1369年）六月，策动“土酋覃顺（即覃天顺，台宜长官）、唐勇（即麻寮长官）率众归附”，杨璟奏授前者为添平千户所千户，后者为麻寮千户所千户，而直属官兵系统（见《太祖实录》卷四三洪武二年六月甲子第及七月己酉条）。两所参用流官武臣与土酋为千户之下的百户，以防容美夷寇（见《楚故略?九溪卫》〈添平守御千户所〉?、〈麻寮守御千户所〉。把容美土司统辖的相当大的两个长官司分割出去，而成为“监控“自己的对手，容美司主当然是忿忿在心。尽管内心不满，但还没有达到参与覃垕举兵反对朱明王朝的地步，这也是容美司主处变不惊的独到之处。
洪武五年（公元1372年）正月，澧州蛮向天富“作乱”，涉及到湘鄂西诸洞蛮，朱元璋命卫国公邓愈为征南将军，江夏候周德兴、江阴候吴良为副，将兵讨之（见《太祖实录》卷七十一，洪武五年正月甲戍条）。是年三月，“征南将军卫国公邓愈兵至澧州，遣营阳候杨璟等讨散毛、柿溪、赤溪、安福等二十九洞，平之。（见《太祖实录》卷七十三洪武五年三朋，庚子条）
散毛（今来凤县部分）、柿溪（今桑植县部分）、赤溪（今桑植县部分）、安福（今桑植县城）均是容美土司的近邻，都受到“征讨”，惟容美土司没有受到“征讨”， 避免了一场兵燹之灾，仍受到降级之处分。
《太祖实录》卷七十二、洪武五年正月壬辰条载：
容美洞宣抚使田光宝遣其子答谷什用等来朝贡方物。赐光宝文绮二疋，答谷什用等衣人一袭。仍改（容）美洞军民宣抚司为长官司，秩正六品，以光宝为长官。
同年年底，邓愈平定散毛等三十九洞蛮之乱，班师回朝受赏。由于乱党甚多，散毛柿溪等洞又是容美的近邻，以往也曾结联为乱，故朝廷疑容美及其麾下的小土司可能参于乱事。但怀疑不是事实，终于在洪武七年（公元1374年）十一月又恢复了容美的宣抚地位。《太祖实录》九十四卷洪武七年十一月丁亥条载： 
诏置容美宣抚司家乡寨、五里自（白）崖、椒山玛瑙等处，水浕源通塔坪、石梁下洞、五峰石宝六长官司。
家乡寨和五里、白（误为自）崖两长官司，均是原麻寮土司属地，元末“容米攻劫麻寮”时占据，现属鹤峰县五里乡管辖，家乡寨今为鹤峰县五里乡的杨柳、南村一带，白崖今为水泉村的白崖头一带。椒山玛瑙长官司现属鹤峰县的下坪乡，椒山为椒山溪，今留驾司；玛瑙为马瑙头，今岩门村，以后发展到巴东清江以北野三关以南的马（玛）老（瑙）头。水浕源、通塔坪长官司，均在今五峰县和鹤峰县交交界地之大面地区和百顺桥地区、水浕源司以后又发展到今五峰县东北之水浕司。石梁下洞官长司今为五峰县的石梁荒和鹤峰县的下洞坪地区。五峰石宝（误为宝寨）今为鹤峰县城附近的五峰山、北佳坪，后迁徙至五峰县城之五峰山地区和鹤峰县下坪乡石宝寨地区。这是朱明王朝对容美土司所属范围的第一次界定。其地域位置按现在的区划应为：鹤峰县除大隘关外（走马、铁炉地区）之全部，五峰县除菩提寨以东、长茅关（长茂司）以北之全部，巴东、建始、恩施、长阳清江以南的小部分地区。",culture
复杂多变的土家族土家语声调 湖南湘西自治州湘西北酉水流域土家族的土家语，根据不同的语音和腔调分为互士语、沙沙语、虾语、三个方言。    通过2009年的田间调查，凡自称是毕几卡和毕兹卡，土家族的土家语方言为互士语方言，它的语音分布非常广阔，包括龙山县、永顺县、古丈县等土家族地区。凡自称是迷几卡的分别为沙沙语和虾语两个方言，它的分布范围仅在自治州的保靖县境内。    根据不同的方言其声调有不同的差异，在土家族土家语互土语方言中有三个基本调、一个特降调、三个移变调，在吓语方言中有五个基本调、一个特降调、两个移变调、三个渐变调，沙沙语方言中有六个基本调、一个特降调、一个移变调、三个渐变调，所谓移变就是以其一声调为基调移动滑向另一种声调，其调值接近或等于另一种声调的调值。    在湘西北酉水流域土家族土家语互土语方言中的声调，在以前的理论研究文章里，有的说是三个，有的说是四个，这些说法都有不准确的地方，通过深入调查分析思考，初步将复杂多变的土家族互士语方言声调归纳为七种类型。即三个基本声调，一个特殊降调（简称“特降”）和三个移变调。 现将其排序如下：     A、第一声基本声调  高平，调值“55”，相当于汉语拼音的第一声声调，调号为“55”。     B、第二声基本声调  高升，调值是“35”，相当于汉语拼音中的第二声声调，调号为“35”。      C、第三声基本声调  低降，调值是“21”，它和汉语拼音第三声声调主要区别是只降不转弯向上，如图所示： “    ”当发声时，其声调调值从“2”降至“1”再不转弯上升至“4”，这便是土家族语第三声声调的准确发音。其调号是“21”。     D、第四声特降声调，调值是“41”，它有接近于“21”调的发声方式，其语速“陡、迅速”这便是它在整个土家语声调中独有的特征，所以将其命名为“特降”调，调号是“41”。     E、第五声移变声调，“53”移变调，它是由土家族拼音方案中第一声声调，调值是“55”为基础音移动滑向相近或相当于汉语拼音方案中的第四声声调，调值是“53”，所得的移变声调，其调号仍用汉语拼音第四声声调符号“53”。     F、第六声声调是“315”移变调，它是由土家族拼音方案中的第二声声调，调值是“35”作为基础音移动滑向调值是“315”弯曲调的一种移变声调，调号为35╯。     G、第七声声调是：“214”移变弯曲调，它是由土家族土家语的第三声低降调，调值是“21”移动滑向相近或相当于汉语拼音方案第三声声调“214”弯曲调，调号是21╯。     土家族土家语三个移变声调移变规律如下：     55移变到53；   35移变到315；   21移变到214。     在土家族土家语互士语方言中。“一声”、“二声”、“三声”在日常用语中使用最多，并起着语言体系中的杠杆作用，但是第四声声调和五声、六声、七声也起着完善、填补、完美语体系的作用。,language
湖南凤凰县土家族刘氏与四川大邑县刘氏的渊源 今年春节到凤凰古城旅游，认识一位刘姓土家族导游，得知四川省大邑县安仁镇刘氏与湖南凤凰县水打田乡刘氏同源，现将我所知道的告诉两地宗亲，如有更了解详情的宗亲，请给予指正。        湖南凤凰县水打田乡刘氏，源出西汉楚元王刘交后裔的彭城刘氏派。开基始祖祖籍江西（未知名字及来自江西何处），其中有一支落户凤凰县水打田乡和毗邻的麻阳县石羊哨乡一带，部分族人数代与当地少数民族通婚融合，形成当地有汉、土家、苗三族刘氏。            字辈：滕朝天长、元大士可、祖宗益发、家道昌洪、金生启秀、文运亨通。            水打田乡东子山村刘氏第7代“士”字辈有一支族人迁往四川定居，其后人现在分布于四川省大邑县安仁镇一带。大邑安仁刘氏曾出现过刘湘、刘文辉、刘文彩等名人。           位于凤凰县水打田乡东子山村头的狮子山（因当地方言难懂，也可能叫士奇山）上的刘士奇墓，为刘湘为入川始祖建造的祖茔，wenge时期曾遭到破坏，现已看不出坟墓的形状。 凤凰县水打田乡是一个全乡遍布刘氏人口的刘姓乡镇，刘姓占了全乡人口一半左右。与其同宗的还有凤凰县茨岩乡岩寨村刘氏。     凤凰县阿拉营镇等其他乡镇刘氏均源于湖南省麻阳县岩门镇刘文锦。     岩门镇刘文锦系字派：锦先裕滔万，文义紫仕景，朝廷宗旨邦，化方其世上，家元云华昌，贤杰起恩泽，良富贵荣英，传百代家声，丕振辉陶塘。      其先源于湖南省溆浦县，字辈（刘应良之前）先玉滔霆杞，瑾显璲佐（尧）应。。。先世为刘先进、刘玉盛、刘滔、刘霆、刘杞、刘瑾、刘显、刘璲、刘尧佐、刘应良、刘文锦。。。。     关于湘中刘氏在江西以上的远古渊源和所属宗派，历来在江西老家湘中刘姓中都很不统一，大体有这样几种说法：一是认为刘玉盛祖先属于彭城刘氏大宗，是楚元王刘交的后裔；一种说法认为刘玉盛祖上属于长沙刘氏大宗中的南派，是西汉长沙定王之子安成思侯刘苍的后裔；还有一种说法则认为刘玉盛祖先属于中山刘氏大宗，是中山靖王刘胜、蜀主刘备和开家刘氏始祖刘祥的后裔。这 3 种说法都见载于明清时期的江西、湖南两省族谱，也见载于现代新修的两省族谱。笔者因此问题复杂，资料也有限，暂时未能理清其头绪，只好留待本书修订版中解决了。,networking
我是土家族  但我不会说土家话 我是土家族  但我不会说土家话，   想学  有谁会，教我！ 精品贴里有各种学习资料，可以看一下,language
关于酱香饼的种种疑惑，求吧友解疑。 各种费解，难道是我又孤陋寡闻了？土家族可是南方的民族啊。我觉得武陵山区绝对不会是小麦的产区。     话说我跑到山东济南上学，这里还是有点远的，我就在济南遇见过三个（一家）族人，也是来上学的。虽然土家族不多吧，但卖酱香饼的店却不少。相当常见，很多地方都有，我在我们那个高中的本校区就读，我在那附近两三百米内就找到了两三家，生意都还不错，开了几年了。有时我同学就问我：“你在你们那是不是经常吃土家酱香饼呢？”......我怎么之前从没听说过这个呢？当然，看到土家文化能够被发扬我很高兴。但很费解啊。如果在古代的话，我相信北方产的小麦在武陵山区绝对不会有什么销路的。我小的时候，在我故乡那村子里，商铺卖的北方的主食：馒头，都是做成甜的当点心卖......（当然现在流通多些了，那个现象比较罕见了），但对于我们会有饼类美食，实在好神奇的样子啊。特别的在一些街区的招牌基本如下这个戴银饰的阿妹，真的躺了很多枪，（估计那些店做招牌时就直接都PS贴上的）更加增加了我的疑问，我一直个人认为我们的妹子是不戴银饰的。带银饰的是白卡，或是受白卡影响的民族。     我觉得呢，是不是最近这些年，现代了嘛，流通很多的，所以也许是出来创业的土家族餐饮业者最新研发的美食。总之......如果这个是，历史悠久，源远流长的土家族传统美食的话......我和我的小伙伴们都会惊呆的。 饼是有，不过不像外面那个那么大，可能受了商业化的影响，武陵地区光照可以种黑麦荞麦啊,culture
汉族和土家族结婚后，生下来的孩子是什么名族呢？  土家族也行,policy
土家族香酱饼真的源自土家族吗 我看好多这种店子都打着土家族起源 以前我们确实吃一种面粉做的叫锅烟粑粑的东西和现在的千层饼一样的做法。,culture
我只知道，身份证上的名族是，土家族。土家族的习俗，文化一点都 我只知道，身份证上的名族是，土家族。土家族的习俗，文化一点都不了解。悲哀 悲哀个屁，汉改土吃香瘾,culture
苗族吧的人在钓鱼，别傻到去咬饵 苗游天下，三苗遗脉，伊久岛都是苗族吧的大吧或者小吧。他们发了一些帖子说自己是土家族，然后在钓鱼。不要傻到去咬饵 我在那个帖子提醒了，被删了,admin
我看到过我老祖穿过土家服，还是 我看到过我老祖穿过土家服，还是在我小时候，现在已去世 你们被同化的严重。再过几十年，我们苗族的那些长辈去世后，我们新一代可能说苗语的越来越少，可能也会跟你们一样。唉，一个民族需要发展几千年才能有自己的民族语言和文字，我们现在啥也没了。大势所趋啊，但也别悲伤，这样才能统一，有利于发展，把中国变得更强大。,policy
贵州铜仁印江土家族算哪个派系 我是土家族人但从来不知道土家族还有自己的语言，这真是失败啊。 已经完全被汉化了,policy
酱香饼是土家族传出来的吗 酱香饼是土家族传出来的吗 不是，都不知道为什么叫土家酱香饼,culture
永别了！亲爱的各位，我会想你们的 我要走了😁( •̥́ ˍ •̀ू ) 去吧去吧,networking
冬天的味道！ 冬天的味道！,NA
没有毕兹卡，就没有土家族。那么你是毕兹卡吗？ 没有毕兹卡，就没有土家族。那么你是毕兹卡吗？,culture
土家族土兵在抗倭战争中的贡献一 明朝嘉靖年间，政治腐败，武备松弛，沿海防务空虚，日本海盗在我国东南沿海地区进行大规模的骚扰破坏。倭寇所到之处，人民惨遭荼毒，财产被抢劫，房屋被烧毁，沿海各族人民的生命财产受到严重的威胁。明朝政府虽然派军队抗倭，但由于政治腐败，将领贪生怕死，昏庸无能，士兵缺乏战斗力，每与倭寇打仗，往往是一触即溃，屡次败北。在这种战局十分不利的形势下，明政府任命张经总督东南各省军务，征调广西狼兵和湖广土兵前往抗倭，认为要对付善短兵相接的倭寇，“必须动永顺、保靖二宣慰司精兵”。为了保卫我国东南沿海地区的安全，打击倭寇的侵略，永顺、保靖、桑植、容美、酉阳等土司和九卫所的土兵，积极应征，踊跃赴调。“往往私信于在官之数，如调兵三千，辄以六千至，调兵六千，辄以万人”。充分表现出土家族土兵爱国热情。     土家族土兵赴沿海抗倭主要是在嘉靖三十三年至三十七年之间（公元1554年——1558年）。嘉靖三十三年（公元1554年）冬，永顺宣慰彭翼南率土兵三千，致仕宣慰彭明辅领报效兵一千，其子彭守忠亦选精勇家丁一千，自备粮食和武器，步行三千余里，奔赴苏州府松江地区抗击倭寇。永顺、保靖土兵一到前线，就投入了战斗。嘉靖三十四年（公元1555年）正月，倭寇聚胜墩，田州瓦氏率领“狼兵”由此进攻，永顺宣慰彭翼南领土兵包围，南北夹攻，倭寇败退，斩三百余级，土兵和“狼兵”与倭寇初次交锋，即首战告捷，取得了胜利。     同年四月，盘踞在常熟三丈浦的倭寇，不断地骚扰常熟和江阴一带，活动十分猖獗。兵务副使任环调保靖土官彭守忠土兵千余和官兵民丁三千余人，三路围攻。由于广大汉、土官兵浴血奋战，出奇制胜，俘斩倭寇二百八十多人。此役“我兵不捐一人，自用兵以来，陆战皆胜，未有若此也”。新墩和三丈浦的胜利，有力地打击了倭寇的嚣张气焰。     同年五月，聚集在柘（zhè）林（今江苏奉贤）老巢的二万余倭寇，不断侵犯嘉兴地区。这时，总督张经所调土兵、“狼兵”和官兵均已先后抵达，待命出击。总督张经立即派遣副总兵俞大猷（yóu）督彭翼南、彭明辅所率领的永顺土兵与广西瓦氏夫人率领的“狼兵”到平望，参将汤宽率师由中路进攻，参将卢镗等督保靖宣慰彭荩臣所领的保靖土兵驰援，各路官兵协同作战，水路三面夹击。保靖土兵遇敌于石塘湾，战之，倭寇大败。倭寇见势不妙，败走平望（今吴江之南），副总兵俞大猷以永顺宣慰彭翼南所领土兵与官兵拦路截击，倭寇受到了严重创伤，败走王江泾。保靖土兵乘胜追击，倭寇腹背受敌，陷于重重包围之中，损失惨重，被斩、俘一千九百八十余人，溺水死者甚众，只剩少数倭寇突围逃回老巢柘林。这次战役，被称为是“自有倭患来、此第一功”。而英勇善战的土家族土兵则立下了主要战功。     明世宗皇帝为了奖励永、保土兵，给彭翼南、彭荩臣赐三品服，授昭毅将军，加右参政，管理宣慰司事，受赐银币，赐彭明辅银两，赐守忠冠带。王江泾之战，是嘉靖年间明抗倭以来一次决定性的胜利，它扭转了抗倭斗争挨打被动的局面，使明军由防御转入了全面的进攻，鼓舞了全体官兵的斗志，增强了抗倭斗争的胜利的信心。“自王江泾大捷后，我兵始有生气”。     王江泾之战是倭寇的主力受到了严重的损失，沉重地打击了倭寇的嚣张气焰，使龟缩在柘林的倭寇“亦惊愕破胆”，惶惶不可终日。     七月，松江柘林倭寇一千多人侵犯苏州一带。保靖宣慰彭翼南率领土兵与俞大猷、任环所带领的官兵跟踪追击，围倭寇于苏州的陆泾坝。由于各路土、汉官兵英勇作战，擒其枭帅，斩首五六百级，水溺死者不计其数，取得了陆泾坝战役的胜利。在这次陆泾坝战斗中，永顺、保靖土兵与倭寇短兵相接，肉搏血战，充分表现了视死如归的顽强战斗精神。     正当抗倭斗争取得节节胜利之际，总督张经等人受到了赵文华和严嵩诬害，被逮捕入狱，抗倭军务由赵文华、胡宗宪督管。由于他们腐败无能，士气不振，观望畏敌，歧视土兵和“狼兵”，因而使倭寇有了可乘之机，骚扰更加猖獗，使抗倭斗争一度处于不利局面。但是，在东南沿海广大人民的支持下，广大官兵的积极努力，仍然给倭寇以沉重的打击。这年十月，倭寇由福建窜入浙江的宁波、奉化，容美宣慰田九霄率领土兵冲锋陷阵，倭寇纷纷溃退，逃之绍兴。容美土兵与官兵合击，纵火焚烧，使倭寇残伤者大半，取得了后梅之捷。十二月，倭寇入侵新昌、上馆岭等地。“容美精兵悍甲诸部，万里从征，朝气正锐”，在清风岭列女祠，俘斩倭寇一百七十余人，又取得了清风岭大捷。嘉靖三十五年（公元1556年）五月前后，倭寇和大海盗徐海等贼万余人聚集在浙江的乍浦，焚舟以示死战，十分猖狂，新总督胡宗宪“兵四面环贼，远者二三十里，近者十余里而阵，然各以狃卑林三败，逡巡惶怖而未敢逼”。     正由于土家族土兵未到，官兵未敢出战，徐海等更加猖狂。八月居然陈兵沈庄（今浙江平湖境）。八月，永顺、保靖，容美土兵先后到达战场，八月二十日发起了对倭寇的总攻击，直捣巢穴。二十五日，官兵四面包围，永顺、保靖土兵左右列阵，容美土司田九霄扼青村、黄浦及出海之路。土兵手持火把，鼓噪而进，冲入敌阵，放火烧倭巢，连战数十合，贼寇大败。擒斩倭寇一千二百余人，焚死其数不计。徐海投水自杀，被汪浩、田有年等土兵割取首级。自此，浙江地区倭患平息。     嘉靖三十七年（公元1558年），二月，宁波舟山的倭寇负隅顽抗。明朝官兵久攻不克。这时，彭志显等率领的麻寮、大刺、镇溪、桑植六千土兵趁大雷雨四面进攻，焚烧倭寨，倭寇大多被杀死，取得舟山之捷。到此时，江浙沿海一带倭寇也就全部肃清。     在这场抗倭斗争中，湖广的土兵，广西的“狼兵”，特别是永顺、保靖的土兵战功卓著，为肃清十余年沿海倭寇的骚扰，为保卫祖国海疆的安全立下了不可磨灭的功绩。 赞,culture
电影《梯玛和他的儿子》这部片子谁有收藏的哦，可以分享一下吗？ 电影《梯玛和他的儿子》这部片子谁有收藏的哦，可以分享一下吗？现在找不到了啊 爱奇艺里应该有，前一段时间我还看,culture
"土家族姓名 睡前贴了hufniv jierxif lanrqixcaf,mufjifcaf~~                                                                                              -------------Quis custodiet ipsos custodes? 土家语科普北部Bifzivsar 姓  kar名字  jinxguanxjinrzanv 南部Murzzirsar姓  xin名字 nyubbur                                                                                              -------------Quis custodiet ipsos custodes?",language
有没有土家族人，教我聊几句土家话 有没有土家族人，教我聊几句土家话 讲不来土话,language
有木有会说土家语的 有木有小哥哥小姐姐会说土家语啊，最近上课需要，可以教我说几句吗 有的，自己先看看吧,language
有没有湖南  龙山的啊 有没有湖南  龙山的啊 有，湖北来凤的,networking
我是土家族人，在武汉  在重庆,networking
土家语圣地——龙山县坡脚乡 坡脚，在湖南省湘西土家族苗族自治州的龙山县。全境有1700多户农户，6800多人口，其中有85％的人口会说土家话，是地道的土家族聚居的村落。坡脚，原来是一个乡级行政独立建制，历时50余年乡级行政独立建制的统辖。2005年在乡、镇行政撤并工作中并入了靛房镇。在湖南省湘西土家族苗族自治州境内，位于龙山县的南陲，远距县城110公里，东方与永顺对山乡接壤，东南方和保靖的普戎、碗米坡两镇比邻。因为地处边远偏僻，经济贫穷，文化教育十分落后，信息、交通比较闭塞，导致这里的经济、文化建设发展滞钝，脱贫致富的变化缓慢。然而，也就是这一极大的反差环境，有力地制约着各民族人士在这个地方的流动和留居，反而将当地的土家民族文化及其有效地“保护”下来，保持得非物质文化传承人完完整整。使这里的土家民族文化显得原汁原味，是全国闻名的、屈指可数的土家民族语言和土家民族民间非物质文化遗产保持得最完整的地方 说点啥呢,policy
苗子吧又出来个新极品，吉米拉小妖 自己身份证上写着土家族，却口口声声说自己家是从苗族改过来的。苗子为了证明自己的理论这么低级的手段都使出来了。@吉米拉小妖建议你们再扮演一下楚王来忏悔一下。每次看到你的发帖都有莫名的喜感。 吉米拉人妖,admin
土家族盛宴#土家织锦##织秋牧笛溪##乖幺妹土家织锦# 土家族盛宴#土家织锦##织秋牧笛溪##乖幺妹土家织锦#,culture
有没有石门的土家族？？？？？ 有没有石门的土家族？？？？？ 对不起才看到......我是啊，我蒙泉的,networking
土家年 土家年是湖南省湘西土家族苗族自治州的土家族一个重要而古老的节日，在千百年的历史发展中，形成了一些较为固定而独特的风俗习惯，代代相袭。虽然，这种过年（土家语：侬咔）被提前了一天而被称为过赶年，但其在长期的历史发展过程中形成的风俗，流传至今而被保留了下来，其内容的丰富多彩，持续时间之长，在中华民族的大家庭中也是少见的。,culture
求长阳土家族本地的一首敬酒歌！ 只记得前面几句。哈哈😄 好像是 苞谷酒勒，香喷喷，小妹儿敬酒情意深呐...求大神助！,culture
作为土家人！怎能不来土家吧！ 新人报道，多多关照！ 没人？这都秒沉，这人气是有多小！！！,networking
土家族巫师梯玛——湘西土家族梯玛文化调查报 土家族巫师梯玛——湘西土家族梯玛文化调查报http://blog.sina.cn/dpool/blog/s/blog_6312a10e0102xkys.html,culture
非物质文化遗产在幼儿教育中传承,policy
土家幺妹会织布！,culture
土家妹子都来这里爆照啦 楼主先来 头像和照片不和谐,networking
太阳和月亮轮番着穿梭，奶奶灵巧的手织出村前不息的流水。,culture
土家语的一些祝福语 1.长命百岁     涅儿那他龙     2.年年有余     那陇嘿列叶谢     3.富贵易养     富贵垄岔     4.岁岁平安     那垄嘿列吻蛋     5.聪明伶俐     煞如又嚜底     6.吉祥如意     嚜夺涅卡岔     7.长命富贵     涅儿叶扩列     8.金玉满堂     可我挫那绒     9．步步高升    那及那及莫谷     10．富贵双全   富贵捏也跌谢      11．三星高照   思直梭补直博拿     12．四季发财   科我富你扩赛赛     13．五谷丰登   叶爹叶乃改的改     14．六畜兴旺   谢些亩些岔西太     15．金榜题名   板嘎状元住     16. 十全十美   乃谢乃则,language
土家语，老街是什么  同求,language
"讨论：西南官话中的土家语遗迹 一些地方在历史上是土家语使用区，现在已经转用了西南官话，但是土家语并没有完全消失，还残存一些遗留。我是酉阳的，就拿酉阳方言来举例子。由于我不太通晓土家语，大家有意见就提出，有例子也可以补充。①bu21（55）在酉阳方言中可作量词也可作名词，来源于土家语bu li.土家语中，bu li是名词，原意为“圆而小的颗粒状物体、圆形果或豆类”；而bu是量词，是bu li的缩减。例句：土：Nga aba buli tu tu la.我在捡石子。                  Suxi buli ga.吃板栗。           酉阳方言：好大一bu哦。                             摁一下这个bubu，灯就亮了。②ze21 dan35在酉阳方言中是“跟…一样”的意思，来源于土家语ze.土家语中，ze是动词，原意为“像”。例句：土：Go geize aba da ze.他像他爸。                  Buco ye liao, jiu la co da ze.宾至如归。           酉阳方言：读书不动脑壳，zedan没读。           ③guan21在酉阳方言中是一个反身代词，意为“自己”；还可作语气助词，意为“原来如此、竟然这样”。来源于土家语guan do.土家语中，guan do是反身代词，用于各种人称，相当于尔龚语的gue do, 基诺语的ko do, 英语的self。例句：土：Qiaxi de guando guando ri, lode i tati.做什么都要自力更生，不能靠他人。            酉阳方言：我吃完饭先走了，你guan洗碗。④cer55(r儿话)在酉阳方言中表示“…的时候”，我怀疑是来自土家语的zu。不送气的z变为送气的c，然后元音旁转，zu就变成了cer。例句：土：nga ci tu zu se ada an niahu da bo ca。我读书的时候曾和你姐姐谈过恋爱。           酉阳方言：你没走的cer，比现在肥些。 guan21是各人的合音，因为西南官话的日母实际上浊擦成分很弱更接近通音，所以很容易缩合贵阳话读快了也有gon21（不是gong）这样的语流音变，on变an是西南官话历史上的一个音变趋势，现在黎平等地正在进行",language
"古代土家人名训释 作者：叶德书
（吉首大学 文学与新闻传播学院，湖南 吉首 416000）
摘要：古代文献中有许多用汉字记录的土家人名，这些人名具有很高的语言和文化史料价值。本文打算对已经收集到的一些人名材料做一个诠释研究。
关键词：土家族；人名；意义
中图分类号：H0-05""273"" 文献标识码：A 文章编号：1004-941（2007）03-00169-06

  在《元史》《明史》《明实录》这些正史和土家族族谱、土家族聚居地区的方志中记载了许多古代土家族人名。这些人名资料能够反映出古代土家人的命名习俗、价值观、审美观，具有很高的文化史料价值，同时由于古代文献中的土家人名都是根据古代当地汉语方言的读音用汉字记录下来的，对我们研究土家族聚居区汉语方言的古代语言来说，这些人名材料更是难得的宝贵资料。但要很好地利用这些材料，首先得将它们的意义解释清楚，而目前除了田恒金、孙美红在《土家始祖名“务相”意义考释》一文中对个别古代土家语人名的意义做过训释以外，尚未见到对更多土家语人名进行系统研究的文章。本文打算对我们目前已经收集到的古代土家族人名的意义做一个诠释研究（土家语tsi、tshi、si、zi一类音节韵母i的实际音值是舌尖元音τ）
  古代文献中的土家族人名有汉名和土家语名两种，本文主要以土家语名为研究解释对象。关于文献中的土家族汉语名字，有两点需要说明：第一，有些汉名被附上土家语成分“送”和“俾”，如“谭成威送”“向大保俾”这两个人名中，“谭成威”“向大保”是汉名，“送”、“俾”是附加在汉名上的土家语成分。“送”是现代土家语已经消失掉的一个古词，在古代土家人名中的作用是表示身份地位，意思是官长、首领，清乾隆《永顺府志·杂记》：“土人……名官长曰冲，又曰送，又曰踵，又曰从”，名字中能带上这个词的人一般都是土司主或他们手下的官吏。这个表示官长、首领的词在文献中还有记作“耸”、“松”、“赏”、“踵”、“宗”、“冲”、“宠”、“什用”、“世用”、“誓用”的。“俾”就是现代土家语的pi35（注：学过国际音标的人很容易能识别本文的语音标注，比如这里的发音为西南官话里“闭”，普通话无合适音调的字），意思是“小”，这个词在人名中的作用是表示排行，名字上带上这个词的人在兄弟姐妹中都是排行靠后的。如明朝正德年间容美宣抚使天秀的第五、六、七子的乳名分别叫“五哥俾”、“六哥俾”、“七哥俾”。我们在文献中找到的类似“谭成威送”、“向大保俾”这种半汉半土的人名还有“田大旺送”、“向仁送”、“田清送”、“向安什用”、“马订虎什用”、“向大旺什用”、“田大重什用”、“向贵什用”。第二，文献中的有些汉名，由于记录时用字不准确，看起来不像是汉名，如《明实录·英宗实录》卷345有一个“仰启踵”，“仰启”就是“杨启”，是一个汉名。
  下面我们对目前收集到的一些土家语人名的意义进行解释，并根据意义对其做一个大致的分类。根据取名字时对词语的选用，古代土家语人名大致分为以下几类� 一、用跟“竹子”、“树根”、“岩石”、“山”等自然事物有关系的词取名字
 在土家人的观念中，竹子是一种生命力旺盛、繁殖力强的植物，岩石、山则是根基稳固的象征，受到土家人的喜爱和崇拜，土家人喜欢用表示这些事物的词取名字，如龙山坡脚一带的土家人喜欢给小孩子“竹生”“竹发”“竹旺”“岩生”“岩发”“岩旺”“岩茂”之类的乳名。古代土家人也喜欢用跟这些事物有关系的词取名字，如：
 惹木 ze51 mu21（注：数字是西南官话准确借音的标识，ze51为“惹”在西南官话中的发音表达，mu21同）：“惹”的意思是“美丽”，现代土家语叫ze51，“木”的意思是“竹子”，现代土家语叫mu51（现代土家语与古代土家语发生了很多变化），“惹木”合起来的解释就是“美竹”。
 海木xai51 mu21：“海木”意思是“茂盛的竹子”，现代土家语叫xa51 mu51。古代文献经常用韵母为ai的汉字去记录韵母为a的土家语词或音节，如清乾隆《永顺县志·风俗·语言》记载当时当地土家语“相打曰打偕”，考察现代土家语，“打架”，龙山县苗儿滩话、坡脚话、永顺县土家乡里话都叫ta53 xa21，清嘉庆《保靖县志·风俗·方言》记载当时当地土家语“先生曰破解”，考察现代土家语，“先生”、“老师”在土家语北部方言区各土语都叫pho21 ka55。“偕”、“解”在土家族聚居区的汉语方言中分别念xai21、kai51，韵母都是ai，而它们对译的土家语音节的韵母都是a。
 起剌、起剌送tchi51 la21 suη35：起剌的意思是根、树根，就是现代土家语的tci53 la21。也就是将声母从不送气的j（音：鸡）记录成了送气的q（音：期），古代文献经常用声母为送气音的汉字去记录声母不送气音的土家语词或音节，如清嘉庆《保靖县志·风俗·方言》记载当时土家语“吃饭曰词夹”，现代土家语北部方言称吃饭为 tsi21 ka35（音：植嘎），“词”在当地汉语方言念送气的tsh53，（汉语拼音对应为声母C），而对译的土家语词是不送气音tsi21（汉语拼音对应为声母Z）。“送”指官长、首领。“起剌送”在文献中还记作“起剌什用”。
 阿巨、阿巨什用 a21 tci21 si21 yun35：“阿巨”的意思是岩脚、岩根，就是现代土家语的a21 tci21，“阿巨”，是住在岩脚下的人，“什用”的意思是官长、首领。“阿巨什用”的岩下人的首领。
 阿八a55 pa21：“阿八”的意思是“石头”，就是现代土家语的a21 pa21。
 阿送a55 sun35：阿是土家语a21 pa21或a21 kho21的省略，意思是石头、岩石，送指官长首领。这个人名在文献中也记作“亚送”和“阿什用”，意思是“石头王”。
 巴备pai21 pi35：“巴”的意思是“山”、“山坡”，清嘉庆《保靖县志·风俗·方言》记载当时当地土家语“山曰扒，曰茄”，现代土家语叫pa21。土家族地区用pa21命名的山名地名非常多，如清嘉庆《保靖县志·舆地志·都寨》记载该县有个村寨叫“扒吉”。“扒吉”就是现代土家语pa21 tci21 tha21（音扒吉踏）的省略，意思是“山脚下”。“备”就是土家语的pi35，意思是“小”。“巴备”解释就是“小山”。以此命名，以示顶天立地。
 那吾la35 u21：“那”的意思是“人”，现代土家语北部方言称“人”叫lun51，韵母为o，但根据文献记载分析，这个词在当时土家语“人曰那”，又民国《永顺县志·地理·山名》：“岩人山，在驴迟洞，土名农那必，生有石，状如人”，“言人山”因为生有模样似人的石头，土家语将之称为“农那必”，“农”就是lun35，意思是高耸的山，“那”的意思是“人”，“必”就是 pi35，意思是“小”。“农那必”解释就是“似人的小石山”，又土家语南部方言称“人”叫a44，韵母元音仍然是a。“吾”的意思是“山”，这是现代土家语已经消失掉了的一个古词，清乾隆《永顺府志·杂记》：“（土人）又呼山曰吾，又曰茄”，清代《永顺县志》、《保靖县志》、《永顺府志》记了许多带“吾”的山名，如“卸吾”、“卸捏吾”、“岩纳吾”、“米西吾”、“洛塔吾”、“上芽吾”、“下芽吾”、“白吾”，这些山名中的“吾”的意思都是“山”。“那吾”这个人名合起来解释就是“根基象山一样稳固的人”�",culture
纪一名毕兹卡的朝圣之行 一直以来，我都有一个心愿，那就是亲身去当年廪君化作白虎的地方朝圣。无论如何我都要抵达。然而让我羞愧的是，去年我的左脚韧带摔断了，最终竟然因为此伤而未能成行。今年，我终于能如愿以偿了。      每一个以白虎为图腾的毕兹卡同胞们。这里就是我们的圣域。我们的神灵就庄严地在那里。圣域 廪君之陵寝 位于四千年前巴国的国都（说法之一） 现今位置是长阳土家族自治县渔峡口,religion
沿河土家族自治县 有木有谁和我一个地方的？ 有有有，欢迎欢迎,networking
想了解一下土家族的风俗文化，有乐意介绍的吗？最好也是土家族的 想了解一下土家族的风俗文化，有乐意介绍的吗？最好也是土家族的。本人男，汉族。谢谢！,culture
我的土家族民族观 绿茗清风是我以前的号。好久没发贴。致力研究土家族五年。 把土家族认为是苗族就好比把亚洲人视为同一民族，把土家族视为汉族，就好比把朝鲜韩国哈萨克视为汉族一样。,policy
吧里土家族的利川人有吗？ 有目有啊！ 恩施土家族苗族自治州啊！这里没有吗？,networking
土家族梯玛文化,culture
中国原始村落 中国原始村落 我老家也是这样的房子，挺怀念的，不过为了修新家已经拆了也好多房子都拆了，再过10年不知道还看不看得到那些房子，鱼是我外公在田里养的,culture
速度围观，各地的土家族都有这种文化吗？ 不知道各地土家族是否文化是这样的，有图有真相。以前的日子一去不复返了。 没得。,culture
相亲了，看上说话？ 本人 22 可以分开出吗？我想要条腿,networking
真无语了！杨岳斌也被杜撰  土巫,religion
专属你的私人订制 乖幺妹土家织锦私人订制独一无二,job
土家族怎么有那么多姓向的？ 是音译吗？ 本人汉族向氏，表示非常疑惑 巴人五姓 巴、樊、瞫、相、郑。土家向姓东汉时由相姓演变而来。因为向姓在土家族曾是一方土司，所以也有很多跟着土司姓。（彭 田 冉 向）这几姓在土家人多，很大程度上是因为他们曾是一方土司。,language
《吉祥如意锦》    作者:欧阳斌红色的，那是火一般的热情绿 《吉祥如意锦》    作者:欧阳斌红色的，那是火一般的热情绿色的，那是画一般的森林黄色的，那是比黄金更珍贵的祝福紫色的，那是比友情更深沉的牵挂这是土家的哈达，这是心灵的交融外乡人，请带上这一根吉祥如意锦从此，你就是土家人的亲人,culture
当代人的内心需要一丝匠心来把浮躁的心扯一扯！乖幺妹土家织锦  分享是一种美德！,networking
张家界：土家族织锦技艺进景区   非遗展演展示精彩纷呈,culture
印江的有吗？印江有到重庆秀山酉阳黔江的车吗？在哪坐 印江的有吗？印江有到重庆秀山酉阳黔江的车吗？在哪坐,networking
